label,image_name
FKJ-254XA,img_1.jpeg
APP-456CV,img_2.jpeg
SE249-KJA,img_3.jpeg
YLA-291EL,img_4.jpeg
KJA-193AA,img_5.jpeg
08A-06NG,img_6.jpeg
GWA-294NV,img_7.jpeg
KJA-825CQ,img_8.jpeg
KG57-B41,img_9.jpeg
GGE-123ZY,img_10.jpeg
MUS-794QC,img_11.jpeg
BEN-319HM,img_12.jpeg
KJA-193AA,img_13.jpeg
UMZ-824ZS,img_14.jpeg
KET-748AA,img_15.jpeg
EPE-207CB,img_16.jpeg
P-803-KJA,img_17.jpeg
MKA-258JJ,img_18.jpeg
KSF-622AE,img_19.jpeg
KSF-622AE,img_20.jpeg
NGZ-35XA,img_21.jpeg
KEF-267GG,img_22.jpeg
AY174-LSR,img_23.jpeg
FST-577DL,img_24.jpeg
GGE-123ZY,img_25.jpeg
APP-456CV,img_26.jpeg
WRN-479AA,img_27.jpeg
GWN-379MX,img_28.jpeg
HOT VIBES,img_29.jpeg
ABC-323AG,img_30.jpeg
AFR-584AA,img_31.jpeg
SHD-367AA,img_32.jpeg
MDG AMB 1,img_33.jpeg
MDG AMB 1,img_34.jpeg
01B-266FG,img_35.jpeg
AJ189-SLK,img_36.jpeg
NSR-262JH,img_37.jpeg
MNA-914JL,img_38.jpeg
KJA-193AA,img_39.jpeg
KJA-193AA,img_40.jpeg
GNN-438AJ,img_41.jpeg
KET-748AA,img_42.jpeg
SHD-367AA,img_43.jpeg
SM700-FST,img_44.jpeg
JGB-42XB,img_45.jpeg
TKP-973AR,img_46.jpeg
FW799-ABC,img_47.jpeg
GGE-123ZY,img_48.jpeg
AL306-MKA,img_49.jpeg
FKJ-254XA,img_50.jpeg
KUJ-304BV,img_51.jpeg
AE18-KGG,img_52.jpeg
ENU-583DL,img_53.jpeg
APP-456CV,img_54.jpeg
TOKUNBO,img_55.jpeg
EYC-AMB88,img_56.jpeg
GGE-123ZY,img_57.jpeg
NYCN-HQ,img_58.jpeg
MDG AMB 7,img_59.jpeg
ABC-50MA,img_60.jpeg
RSH-647PU,img_61.jpeg
AA602-NFD,img_62.jpeg
AP214-YEN,img_63.jpeg
AL454-KTN,img_64.jpeg
AY LIVE,img_65.jpeg
AAA-136FX,img_66.jpeg
KUJ-304BV,img_67.jpeg
01B-266FG,img_68.jpeg
GGE-123ZY,img_69.jpeg
SUG-FPTB,img_70.jpeg
GE-123ZY,img_71.jpeg
YLA-291EL,img_72.jpeg
AFR-584,img_73.jpeg
RN-479AA,img_74.jpeg
BEN-319HM,img_75.jpeg
EJG-604,img_76.jpeg
08A-06NG,img_77.jpeg
GWA-294NV,img_78.jpeg
TKP-973,img_79.jpeg
AY174-LSR,img_80.jpeg
AW795-AAA,img_81.jpeg
AAA-378AA,img_82.jpeg
234-DRIVE,img_83.jpeg
AA689-GGE,img_84.jpeg
APP-409AA,img_85.jpeg
BEN-319HM,img_86.jpeg
GAK-874XH,img_87.jpeg
KG57-B41,img_88.jpeg
YLA-291EL,img_89.jpeg
BEN-319HM,img_90.jpeg
GWA-294NV,img_91.jpeg
PN803-KJA,img_92.jpeg
XB127-SKK,img_93.jpeg
AE596-BAU,img_94.jpeg
AW795-AAA,img_95.jpeg
XB813-KUJ,img_96.jpeg
FG615-V01,img_97.jpeg
AFR-584,img_98.jpeg
EJG-604,img_99.jpeg
TKP-973,img_100.jpeg
